{
    "src": ["sprite.webm", "sprite.mp3"],
    "sprite": {
      "cave1": [0, 3501.6780045351475],
      "cave10": [4200, 2520.816326530612],
      "cave11": [7400, 4819.591836734693],
      "cave12": [12600, 2404.7165532879812],
      "cave13": [15799.999999999998, 3751.473922902493],
      "cave2": [19999.999999999996, 6979.04761904762],
      "cave3": [27199.999999999996, 7791.74603174603],
      "cave4": [35399.99999999999, 6421.768707482996],
      "cave5": [42599.99999999999, 9208.163265306126],
      "cave6": [52800, 6421.768707482996],
      "cave7": [60000, 6119.909297052161],
      "cave8": [67200, 5000.3401360544185],
      "cave9": [73400, 4006.893424036278],
      "rain1": [78600.00000000001, 2005.6235827664466],
      "rain2": [81800.00000000001, 2005.6235827664466],
      "rain3": [85000.00000000001, 2028.8435374149713],
      "rain4": [88200.00000000001, 2011.428571428567],
      "thunder1": [91400, 7044.353741496593],
      "thunder2": [99600, 7259.138321995465],
      "thunder3": [107800, 8013.78684807257],
      "fallbig": [121799.99999999999, 251.0657596371857],
      "fallsmall": [122999.99999999999, 271.3832199546431],
      "hit1": [142199.99999999985, 503.5827664399051],
      "hit2": [143399.99999999983, 451.3378684807208],
      "hit3": [144599.99999999983, 669.0249433106601],
      "dig_cloth1": [145799.99999999983, 207.5283446712035],
      "dig_cloth2": [146999.9999999998, 207.5283446712035],
      "dig_cloth3": [148199.9999999998, 213.33333333333826],
      "dig_cloth4": [149399.9999999998, 207.5283446712035],
      "dig_grass1": [150599.9999999998, 509.3877551020398],
      "dig_grass2": [151799.9999999998, 520.9977324263093],
      "dig_grass3": [152999.9999999998, 518.0952380952419],
      "dig_grass4": [154199.99999999983, 506.48526077097245],
      "dig_gravel1": [155399.9999999998, 503.5827664399051],
      "dig_gravel2": [156599.9999999998, 506.48526077097245],
      "dig_gravel3": [157799.9999999998, 515.1927437641746],
      "dig_gravel4": [158999.99999999977, 506.48526077097245],
      "dig_sand1": [160199.99999999977, 320.72562358277423],
      "dig_sand2": [161399.99999999977, 320.72562358277423],
      "dig_sand3": [162599.9999999998, 320.72562358277423],
      "dig_sand4": [163799.99999999983, 317.82312925170686],
      "dig_snow1": [164999.99999999983, 460.0453514739229],
      "dig_snow2": [166199.99999999983, 442.63038548751865],
      "dig_snow3": [167399.9999999998, 457.1428571428555],
      "dig_snow4": [168599.9999999998, 460.0453514739229],
      "dig_stone1": [169799.9999999998, 503.5827664399051],
      "dig_stone2": [170999.99999999977, 506.48526077097245],
      "dig_stone3": [172199.99999999977, 503.5827664399051],
      "dig_stone4": [173399.99999999974, 503.5827664399051],
      "dig_wood1": [174599.99999999974, 503.5827664399051],
      "dig_wood2": [175799.99999999974, 503.5827664399051],
      "dig_wood3": [176999.9999999997, 506.48526077097245],
      "dig_wood4": [178199.9999999997, 503.5827664399051],
      "fire": [179399.99999999968, 1827.1201814058884],
      "ignite": [181599.99999999968, 448.4353741496534],
      "lava": [182799.99999999968, 8200.997732426316],
      "lavapop": [191999.99999999968, 149.47845804988447],
      "splash": [333000.0000000005, 2182.675736961471],
      "splash2": [208199.99999999962, 3870.6802721088425],
      "swim1": [221999.99999999956, 613.8775510204084],
      "swim2": [223199.99999999956, 639.9999999999864],
      "swim3": [224399.99999999956, 674.8299319727948],
      "swim4": [225599.99999999956, 439.7278911564513],
      "water": [226799.99999999956, 2599.1836734693834],
      "base": [229999.99999999953, 1949.0249433106612],
      "inside": [232199.99999999956, 5786.122448979597],
      "bass": [238399.9999999996, 506.48526077097245],
      "bassattack": [239599.99999999956, 480.3628117913945],
      "bd": [240799.9999999996, 132.06349206348023],
      "harp": [241999.99999999956, 576.145124716561],
      "hat": [243199.9999999996, 82.7210884353633],
      "pling": [244399.9999999996, 645.8049886621211],
      "snare": [245599.99999999956, 78.36734693876224],
      "portal": [246799.99999999956, 4989.38775510203],
      "travel": [251999.99999999953, 9546.303854875305],
      "trigger": [262199.9999999996, 4019.9546485260953],
      "anvil_break": [267399.99999999965, 1324.9886621315454],
      "anvil_land": [269599.9999999997, 759.0022675736918],
      "anvil_use": [270799.99999999965, 1255.3287981859285],
      "bow": [272999.99999999965, 477.46031746032713],
      "bowhit1": [274199.99999999965, 738.6848072562202],
      "bowhit2": [275399.99999999965, 753.1972789115571],
      "bowhit3": [276599.99999999965, 909.9319727891384],
      "bowhit4": [277799.99999999965, 1017.3242630385744],
      "break": [279999.9999999997, 396.1904761904975],
      "burp": [281199.99999999977, 335.2380952380827],
      "chestclosed": [282399.99999999977, 512.2902494330788],
      "chestopen": [283599.99999999977, 515.1927437641461],
      "click": [285999.99999999977, 297.50566893426367],
      "door_close": [289599.9999999999, 396.1904761904975],
      "door_open": [290799.99999999994, 503.5827664399335],
      "drink": [292000, 487.6190476190345],
      "eat1": [293200, 300.40816326533104],
      "eat2": [294400.00000000006, 300.40816326533104],
      "eat3": [295600.00000000006, 282.9931972789268],
      "explode1": [296800.00000000006, 2515.0113378684864],
      "explode2": [300000.00000000006, 3266.757369614538],
      "explode3": [304200.0000000001, 3263.854875283471],
      "explode4": [308400.0000000002, 3252.2448979592014],
      "fizz": [312600.0000000002, 1252.0181405895414],
      "fuse": [318000.00000000023, 2848.798185941064],
      "glass1": [324800.0000000004, 706.757369614536],
      "glass2": [326000.00000000047, 695.1473922902665],
      "glass3": [327200.0000000005, 706.757369614536],
      "levelup": [328400.0000000005, 1754.5578231292325],
      "orb": [330600.0000000005, 767.709750566894],
      "pop": [331800.0000000005, 178.5034013605582],
      "successful_hit": [336200.0000000006, 767.709750566894],
      "wood_click": [337400.0000000005, 178.5034013605582],
      "grass1": [338600.0000000005, 506.48526077100087],
      "grass2": [339800.0000000006, 625.4875283446495],
      "grass3": [341000.0000000006, 489.0702947845966],
      "grass4": [342200.0000000006, 532.6077097505504],
      "grass5": [343400.0000000005, 579.0476190476284],
      "grass6": [344600.0000000005, 555.8276643990894],
      "gravel1": [345800.0000000005, 532.6077097505504],
      "gravel2": [347000.0000000005, 538.4126984126851],
      "gravel3": [348200.0000000005, 538.4126984126851],
      "gravel4": [349400.00000000047, 532.6077097505504],
      "ladder1": [350600.00000000047, 329.43310657594793],
      "ladder2": [351800.00000000047, 314.92063492061106],
      "ladder3": [353000.00000000047, 320.7256235827458],
      "ladder4": [354200.00000000047, 329.43310657594793],
      "ladder5": [355400.0000000004, 329.43310657594793],
      "sand1": [356600.0000000004, 219.13832199544458],
      "sand2": [357800.0000000004, 224.94331065757933],
      "sand3": [359000.0000000004, 227.8458049886467],
      "sand4": [360200.0000000004, 227.8458049886467],
      "sand5": [361400.00000000035, 227.8458049886467],
      "stone1": [362600.00000000035, 610.9750566893695],
      "stone2": [363800.0000000004, 489.0702947845966],
      "stone3": [365000.0000000004, 436.8253968253839],
      "stone4": [366200.0000000004, 564.5351473922915],
      "stone5": [367400.00000000035, 576.145124716561],
      "stone6": [368600.00000000035, 610.9750566893695],
      "wood1": [369800.0000000004, 500.6802721088661],
      "wood2": [371000.00000000047, 573.2426303854936],
      "wood3": [372200.00000000047, 576.145124716561],
      "wood4": [373400.0000000004, 561.6326530612241],
      "wood5": [374600.0000000004, 700.9523809524012],